<?xml version="1.0"?>
<?xml-stylesheet type="text/xsl" href="configuration.xsl"?>

<!--
   Licensed to the Apache Software Foundation (ASF) under one or more
   contributor license agreements.  See the NOTICE file distributed with
   this work for additional information regarding copyright ownership.
   The ASF licenses this file to You under the Apache License, Version 2.0
   (the "License"); you may not use this file except in compliance with
   the License.  You may obtain a copy of the License at
       http://www.apache.org/licenses/LICENSE-2.0
   Unless required by applicable law or agreed to in writing, software
   distributed under the License is distributed on an "AS IS" BASIS,
   WITHOUT WARRANTIES OR CONDITIONS OF ANY KIND, either express or implied.
   See the License for the specific language governing permissions and
   limitations under the License.
-->

<!-- Do not modify this file directly.  Instead, copy entries that you -->
<!-- wish to modify from this file into core-site.xml and change them -->
<!-- there.  If core-site.xml does not already exist, create it.      -->

<configuration>
  <property>
     <name>fs.defaultFS</name>
     <value>hdfs:///</value>
  </property>
  <property>
     <name>fs.hdfs.impl</name>
     <value>org.apache.hadoop.hdfs.DistributedFileSystem</value>
  </property>
  <property>
     <name>fs.file.impl</name>
     <value>org.apache.hadoop.fs.LocalFileSystem</value>
  </property>
  <property>
     <name>fs.gs.impl</name>
     <value>com.google.cloud.hadoop.fs.gcs.GoogleHadoopFileSystem</value>
  </property>
  <property>
     <name>fs.AbstractFileSystem.gs.impl</name>
     <value>com.google.cloud.hadoop.fs.gcs.GoogleHadoopFS</value>
  </property>
</configuration>
