<?xml version="1.0"?>
<!--
    Copyright (C) 2019 Google Inc.

    Licensed under the Apache License, Version 2.0 (the "License"); you may not
    use this file except in compliance with the License. You may obtain a copy of
    the License at

    http://www.apache.org/licenses/LICENSE-2.0

    Unless required by applicable law or agreed to in writing, software
    distributed under the License is distributed on an "AS IS" BASIS, WITHOUT
    WARRANTIES OR CONDITIONS OF ANY KIND, either express or implied. See the
    License for the specific language governing permissions and limitations under
    the License.
-->
<!DOCTYPE suppressions PUBLIC
"-//Puppy Crawl//DTD Suppressions 1.1//EN"
"http://www.puppycrawl.com/dtds/suppressions_1_1.dtd">

<suppressions>
  <suppress checks="JavadocPackage" files=".*[\\\/]src[\\\/]test[\\\/].*"/>
  <suppress checks="JavadocPackage" files=".*[\\\/]maven-archetypes[\\\/].*"/>
  <suppress checks="JavadocPackage" files=".*[\\\/]examples[\\\/].*"/>

  <suppress checks="JavadocMethod" files=".*Test\.java"/>
  <suppress checks="JavadocMethod" files=".*[\\\/]src[\\\/]test[\\\/].*"/>
  <suppress checks="JavadocMethod" files=".*[\\\/]examples[\\\/].*"/>

  <!-- suppress all checks in the generated directories -->
  <suppress checks=".*" files=".+[\\\/]generated[\\\/].+\.java" />
  <suppress checks=".*" files=".+[\\\/]generated-src[\\\/].+\.java" />
  <suppress checks=".*" files=".+[\\\/]generated-sources[\\\/].+\.java" />
  <suppress checks=".*" files=".+[\\\/]generated-test-sources[\\\/].+\.java" />

</suppressions>
