<?xml version="1.0" encoding="UTF-8"?>
<!--~~~~~~~~~~~~~~~~~~~~~~~~~~~~~~~~~~~~~~~~~~~~~~~~~~~~~~~~~~~~~~~~~~~~~~~~~~~~
  ~ Copyright (C) 2022 Google Inc.
  ~
  ~ Licensed under the Apache License, Version 2.0 (the "License"); you may not
  ~ use this file except in compliance with the License. You may obtain a copy of
  ~ the License at
  ~
  ~ http://www.apache.org/licenses/LICENSE-2.0
  ~
  ~ Unless required by applicable law or agreed to in writing, software
  ~ distributed under the License is distributed on an "AS IS" BASIS, WITHOUT
  ~ WARRANTIES OR CONDITIONS OF ANY KIND, either express or implied. See the
  ~ License for the specific language governing permissions and limitations under
  ~ the License.
  ~~~~~~~~~~~~~~~~~~~~~~~~~~~~~~~~~~~~~~~~~~~~~~~~~~~~~~~~~~~~~~~~~~~~~~~~~~~-->
<project xmlns="http://maven.apache.org/POM/4.0.0"
    xmlns:xsi="http://www.w3.org/2001/XMLSchema-instance"
    xsi:schemaLocation="http://maven.apache.org/POM/4.0.0 http://maven.apache.org/maven-v4_0_0.xsd">
  <modelVersion>4.0.0</modelVersion>

  <groupId>com.google.cloud.teleport</groupId>
  <artifactId>unified-templates</artifactId>
  <version>1.0-SNAPSHOT</version>
  <name>Google Cloud Dataflow Templates</name>
  <packaging>pom</packaging>
  <description>
    Unifies all the template libraries under one POM for easier automation and to allow
    for more reusable and modular dependencies.
  </description>

  <properties>
    <maven-source-plugin.version>3.0.1</maven-source-plugin.version>
  </properties>

  <build>
    <pluginManagement>
      <plugins>
        <plugin>
          <artifactId>maven-source-plugin</artifactId>
          <version>${maven-source-plugin.version}</version>
          <executions>
            <execution>
              <id>attach-sources</id>
              <goals>
                <goal>jar</goal>
              </goals>
            </execution>
          </executions>
        </plugin>
      </plugins>
    </pluginManagement>
  </build>

  <modules>
    <module>.</module>
    <module>v2</module>
  </modules>
</project>